Provinsi,KabKota,Kemiskinan,RLS,Pengeluaran,IPM,UHH,Sanitasi,AirMinum,TPT,TPAK
ACEH,Simeulue,8.18055556,9.48,7148,66.41,65.28,71.56,87.45,2.57638889,71.15
ACEH,Aceh Singkil,20.36,3.80555556,8776,69.22,67.43,69.56,78.58,8.36,62.85
ACEH,Aceh Selatan,13.18,3.94444444,8180,67.44,64.04,62.55,79.65,6.46,60.85
ACEH,Aceh Tenggara,13.41,4.21527778,8030,69.44,68.22,62.71,86.71,6.43,69.62
ACEH,Aceh Timur,14.45,8.21,8577,67.83,68.74,66.75,83.16,7.13,59.48
ACEH,Aceh Tengah,15.26,4.34722222,10780,73.37,68.86,90.58,90.1,1.25694444,76.3
ACEH,Aceh Barat,0.80625,9.55,9593,71.67,67.99,89.6,94.22,7.09,60.05
ACEH,Aceh Besar,14.05,10.33,9644,73.58,69.79,87.4,82.36,3.40277778,61.67
ACEH,Pidie,19.59,9.0,9860,70.07,66.95,54.1,89.24,7.28,60.29
ACEH,Bireuen,13.25,9.29,8867,72.33,71.26,81.89,93.53,4.32,65.91
ACEH,Aceh Utara,17.43,3.77777778,8201,69.46,68.81,79.97,91.09,8.31,58.47
ACEH,Aceh Barat Daya,16.34,3.79861111,8428,,65.06,65.71,95.34,4.04,57.91
ACEH,Gayo Lues,8.36111111,8.04,8856,67.56,65.53,47.63,84.68,0.1,78.99
ACEH,Aceh Tamiang,13.34,3.96527778,8367,69.48,69.63,87.45,83.12,26.875,66.43
ACEH,Nagan Raya,18.23,0.38125,8292,69.31,69.24,74.86,90.13,2.35416667,64.99
ACEH,Aceh Jaya,13.23,3.82638889,9666,69.84,67.19,81.6,86.36,3.47,72.59
ACEH,Bener Meriah,19.16,10.0,11118,73.27,69.26,86.69,89.71,1.24,77.53
ACEH,Pidie Jaya,19.55,9.34,10290,73.06,70.18,74.3,93.46,3.57,57.77
ACEH,Kota Banda Aceh,3.34027778,5.57638889,16891,85.71,71.52,99.88,99.37,3.98611111,63.0
ACEH,Kota Sabang,15.32,11.18,11378,76.11,70.56,92.25,96.18,3.56,63.71
ACEH,Kota Langsa,4.83333333,11.12,12067,77.44,69.43,91.81,97.14,7.21,67.04
ACEH,Kota Lhokseumawe,11.16,11.11,11390,,71.64,93.1,94.44,11.16,63.91
ACEH,Gayo Lues,8.36111111,8.04,8856,67.56,65.53,47.63,84.68,0.1,78.99
ACEH,Aceh Tamiang,13.34,3.96527778,8367,69.48,69.63,87.45,83.12,26.875,66.43
ACEH,Kota Subulussalam,7.53472222,8.03,7385,65.27,64.07,69.71,60.87,6.26,63.78
ACEH,Aceh Selatan,13.18,3.94444444,8180,67.44,64.04,62.55,79.65,6.46,60.85
ACEH,Aceh Tenggara,13.41,4.21527778,8030,69.44,68.22,62.71,86.71,6.43,69.62
SUMATERA UTARA,Nias,7.23611111,2.52777778,6995,62.74,69.78,85.625,47.79,3.12,81.79
SUMATERA UTARA,Mandailing Natal,9.49,3.77083333,9771,67.19,62.65,35.73,73.78,6.12,69.79
SUMATERA UTARA,Tapanuli Selatan,8.08,9.29,11304,70.33,64.97,46.41,67.39,4.0,74.38
SUMATERA UTARA,Tapanuli Tengah,5.46527778,3.91666667,10138,69.61,67.24,57.56,68.81,7.24,75.05
SUMATERA UTARA,Tapanuli Utara,4.25,0.44375,11710,73.76,68.76,83.79,89.06,1.54,82.63
SUMATERA UTARA,Toba Samosir,4.02083333,10.57,12224,75.39,70.29,89.54,95.04,57.638889,80.38
SUMATERA UTARA,Labuhan Batu,3.84722222,9.25,11212,72.09,69.95,81.5,,2.54166667,61.84
SUMATERA UTARA,Asahan,9.35,8.08,11030,70.49,68.37,89.09,95.78,6.39,63.02
SUMATERA UTARA,Simalungun,3.89583333,4.17361111,11376,73.04,71.37,91.75,99.74,4.17,72.55
SUMATERA UTARA,Dairi,8.31,9.59,10504,71.84,69.19,92.35,91.9,1.49,85.73
SUMATERA UTARA,Karo,3.88194444,10.0,12412,74.83,71.58,84.33,91.43,1.07638889,84.56
SUMATERA UTARA,Deli Serdang,4.01,10.01,12291,75.53,71.77,96.37,98.18,9.13,66.78
SUMATERA UTARA,Langkat,10.12,3.79166667,11142,71.35,68.97,80.76,92.51,5.12,69.12
SUMATERA UTARA,Nias Selatan,7.30555556,6.06,7041,62.35,68.86,13.14,66.21,1.88194444,72.25
SUMATERA UTARA,Humbang Hasundutan,4.20138889,4.24305556,8016,69.41,69.51,91.65,91.95,1.06944444,84.17
SUMATERA UTARA,Pakpak Bharat,9.35,9.14,8254,67.94,65.96,90.14,70.69,1.36,87.7
SUMATERA UTARA,Samosir,5.47222222,9.44,8504,70.83,71.41,91.09,65.64,48.611111,84.38
SUMATERA UTARA,Serdang Bedagai,8.03,0.38125,11017,,68.82,93.19,98.14,1.89583333,66.75
SUMATERA UTARA,Batu Bara,12.38,8.07,10539,68.58,67.13,88.04,97.83,2.93055556,70.0
SUMATERA UTARA,Padang Lawas Utara,4.38888889,9.38,10055,70.11,67.22,67.17,77.58,3.19,76.82
SUMATERA UTARA,Padang Lawas,38.125,9.02,8921,68.64,67.13,59.62,77.84,4.07,75.23
SUMATERA UTARA,Labuhan Batu Selatan,8.53,8.09,11562,71.69,68.81,84.85,84.66,2.15972222,66.38
SUMATERA UTARA,Labuhan Batu Utara,10.02,8.41,11840,71.87,69.56,79.75,86.75,2.59722222,65.73
SUMATERA UTARA,Nias Utara,25.66,3.03472222,6155,62.82,69.55,46.09,58.17,3.0,74.27
SUMATERA UTARA,Nias Barat,26.42,2.97916667,5924,61.99,69.08,38.02,71.52,51.388889,82.08
SUMATERA UTARA,Kota Sibolga,12.33,10.41,11540,73.94,69.25,32.33,92.4,3.83333333,71.19
SUMATERA UTARA,Kota Tanjung Balai,13.04,9.45,11225,68.94,63.44,89.07,87.2,6.59,66.57
SUMATERA UTARA,Kota Pematang Siantar,8.52,11.29,12436,79.17,73.77,88.49,99.78,11.0,68.8
SUMATERA UTARA,Kota Tebing Tinggi,10.03,10.44,12939,75.42,70.95,95.88,99.35,8.37,67.19
SUMATERA UTARA,Kota Medan,8.34,11.48,14999,81.21,73.23,92.71,98.8,4.72916667,62.16
SUMATERA UTARA,Kota Binjai,2.64583333,4.81944444,11063,76.01,72.45,95.21,99.76,3.51388889,62.77
SUMATERA UTARA,Kota Padangsidimpuan,7.53,11.09,10965,75.48,69.05,51.33,,7.18,68.69
SUMATERA UTARA,Kota Gunungsitoli,16.45,3.76388889,8134,69.61,71.32,45.13,74.11,2.22222222,62.95
SUMATERA UTARA,Kota Tebing Tinggi,10.03,10.44,12939,75.42,70.95,95.88,99.35,8.37,67.19
SUMATERA UTARA,Kota Medan,8.34,11.48,14999,81.21,73.23,92.71,98.8,4.72916667,62.16
SUMATERA UTARA,Kota Medan,834.0,11.48,14999,81.21,73.23,92.71,98.8,4.72916667,62.16
SUMATERA BARAT,Kepulauan Mentawai,6.41666667,7.02,6321,61.35,64.73,71.05,55.46,1.38194444,82.57
SUMATERA BARAT,Pesisir Selatan,3.55555556,8.27,9270,70.03,70.96,71.4,76.23,2.75694444,66.59
SUMATERA BARAT,Solok,8.01,3.52083333,10215,69.24,68.79,47.63,78.09,2.13194444,71.21
SUMATERA BARAT,Sijunjung,6.08,8.12,10389,67.86,66.36,72.63,64.12,3.57,70.06
SUMATERA BARAT,Tanah Datar,4.54,3.76388889,10616,,70.12,53.73,86.5,2.10416667,66.88
SUMATERA BARAT,Padang Pariaman,7.22,3.52777778,11050,70.76,68.97,55.86,86.09,8.41,64.64
SUMATERA BARAT,Agam,3.09027778,4.00694444,9662,72.57,72.53,77.25,87.46,5.06,66.49
SUMATERA BARAT,Lima Puluh Kota,7.29,8.07,9668,69.68,69.84,55.69,68.93,2.25,71.33
SUMATERA BARAT,Pasaman,7.48,8.01,8440,66.77,67.59,45.26,82.57,2.30555556,69.35
SUMATERA BARAT,Solok Selatan,7.52,8.32,10367,69.23,68.01,58.57,81.01,2.25,72.11
SUMATERA BARAT,Dharmasraya,2.96527778,8.55,11324,71.76,,82.71,70.27,5.0,73.04
SUMATERA BARAT,Pasaman Barat,7.51,8.27,9089,68.76,67.94,70.28,81.47,5.02,66.93
SUMATERA BARAT,Kota Padang,2.31944444,11.59,14540,82.09,73.69,80.13,95.52,13.37,63.78
SUMATERA BARAT,Kota Solok,3.12,11.04,12168,78.41,73.73,91.4,96.55,5.15,66.51
SUMATERA BARAT,Kota Sawah Lunto,2.38,10.32,10195,72.88,70.01,86.45,88.27,6.38,68.05
SUMATERA BARAT,Kota Padang Panjang,2.72222222,5.02083333,10754,77.97,72.82,73.04,98.45,2.29166667,65.94
SUMATERA BARAT,Kota Bukittinggi,5.14,11.34,13331,80.07,74.05,89.93,97.05,6.09,67.42
SUMATERA BARAT,Kota Payakumbuh,6.16,4.72916667,13317,79.08,73.84,89.49,99.43,6.47,71.73
SUMATERA BARAT,Dharmasraya,2.96527778,8.55,11324,71.76,71.53,82.71,70.27,5.0,73.04
SUMATERA BARAT,Pasaman Barat,7.51,8.27,9089,68.76,67.94,70.28,81.47,5.02,66.93
SUMATERA BARAT,Kota Padang,2.31944444,11.59,14540,82.09,73.69,80.13,95.52,13.37,63.78
SUMATERA BARAT,Kota Pariaman,4.38,4.63194444,12818,77.07,70.38,79.56,97.69,6.09,62.7
RIAU,Kuantan Singingi,4.00694444,3.85416667,10309,70.06,68.06,87.98,85.78,2.06,67.02
RIAU,Indragiri Hulu,6.18,8.39,10260,70.01,70.26,82.82,64.84,3.32,68.45
RIAU,Indragiri Hilir,6.18,7.24,9945,66.63,67.98,49.64,89.6,1.29166667,68.56
RIAU,Pelalawan,41.875,8.07,11672,72.08,71.24,81.13,83.61,2.34,69.18
RIAU,Siak,5.18,4.34722222,11807,73.98,71.13,95.41,93.13,4.34,64.69
RIAU,Kampar,3.48611111,9.27,10858,73.02,70.83,89.62,90.41,4.27,63.06
RIAU,Rokan Hulu,10.04,8.54,9406,69.67,70.18,88.85,92.17,2.25,66.5
RIAU,Bengkalis,2.94444444,9.07,11415,73.58,71.24,90.34,93.26,29.375,66.76
RIAU,Rokan Hilir,7.18,8.26,9417,69.34,70.39,73.94,87.52,3.25,60.74
RIAU,Kepulauan Meranti,25.68,0.35,7780,65.07,67.78,55.98,88.69,4.43,65.6
RIAU,Kota Pekanbaru,1.40972222,5.22222222,14360,81.58,72.41,96.28,98.76,8.29,61.61
RIAU,Kota Dumai,3.42,10.14,11818,74.75,70.98,97.03,92.86,6.29,64.91
JAMBI,Kerinci,3.40972222,8.56,10184,71.45,70.0,66.32,74.59,2.32,70.9
JAMBI,Merangin,9.11,7.09,10380,69.53,71.29,71.07,68.91,2.24305556,69.85
JAMBI,Sarolangun,39.375,8.04,11792,70.25,69.21,76.03,69.96,5.52,64.86
JAMBI,Batang Hari,10.05,8.12,10032,70.11,70.64,79.68,73.08,4.26,68.81
JAMBI,Muaro Jambi,4.53,8.58,8825,69.55,71.32,89.17,80.66,5.59,62.78
JAMBI,Tanjung Jabung Timur,11.39,3.13888889,9163,64.91,66.34,70.27,85.91,1.56,71.22
JAMBI,Tanjung Jabung Barat,46.875,8.0,9699,68.16,68.17,81.89,91.76,2.53,73.89
JAMBI,Tebo,2.97222222,7.59,10546,69.35,70.02,83.38,69.97,1.40972222,70.65
JAMBI,Bungo,6.23,8.28,11670,70.15,67.83,77.58,73.63,2.68055556,63.58
JAMBI,Kota Jambi,9.02,11.02,12240,79.12,72.71,93.22,95.83,4.625,63.12
JAMBI,Kota Sungai Penuh,3.41,10.33,10454,75.07,72.21,74.04,90.55,3.0,64.92
SUMATERA SELATAN,Ogan Komering Ulu,5.43055556,3.82638889,10040,69.06,68.24,82.72,81.78,4.57,69.96
SUMATERA SELATAN,Ogan Komering Ilir,6.30555556,7.05,10755,67.17,68.67,68.09,79.02,3.01,69.68
SUMATERA SELATAN,Muara Enim,12.32,7.08,10995,68.86,69.02,84.35,89.48,5.03,69.57
SUMATERA SELATAN,Lahat,16.46,8.52,9735,67.58,66.16,70.44,81.67,1.66666667,69.54
SUMATERA SELATAN,Musi Rawas,6.03472222,7.53,9550,67.01,68.26,69.22,83.15,1.375,70.53
SUMATERA SELATAN,Musi Banyuasin,6.83333333,3.35416667,10140,68.01,68.84,71.07,79.37,19.375,69.18
SUMATERA SELATAN,Banyu Asin,46.875,7.44,9860,67.13,69.06,72.2,76.97,1.83333333,65.54
SUMATERA SELATAN,Ogan Komering Ulu Selatan,11.12,3.50694444,8585,65.34,67.07,56.2,77.12,3.23,76.17
SUMATERA SELATAN,Ogan Komering Ulu Timur,10.06,7.56,11531,69.58,69.17,83.86,93.32,3.18,71.31
SUMATERA SELATAN,Ogan Ilir,5.98611111,3.52083333,10454,67.17,65.06,67.92,72.53,3.07,68.48
SUMATERA SELATAN,Empat Lawang,13.35,3.36111111,9400,65.39,65.13,51.7,51.87,2.41,72.3
SUMATERA SELATAN,Penukal Abab Lematang Ilir,5.63194444,7.05,8210,64.88,68.33,94.31,87.49,1.67361111,73.13
SUMATERA SELATAN,Musi Rawas Utara,20.11,7.09,9855,64.93,65.76,65.9,80.33,0.3,69.69
SUMATERA SELATAN,Kota Palembang,11.34,0.46875,14704,78.72,71.01,,97.43,10.11,63.93
SUMATERA SELATAN,Kota Prabumulih,12.02,4.42361111,12752,74.67,70.47,95.33,93.77,2.68055556,69.41
SUMATERA SELATAN,Kota Pagar Alam,9.04,9.04,8877,68.68,66.85,58.66,93.16,86.111111,74.2
SUMATERA SELATAN,Kota Lubuklinggau,13.23,9.09,13267,74.89,69.39,85.5,96.1,6.27,73.6
BENGKULU,Bengkulu Selatan,18.16,9.27,9916,70.75,67.93,74.74,58.22,2.55,73.95
BENGKULU,Rejang Lebong,6.84027778,8.33,10323,70.77,68.75,71.5,65.07,2.45,76.09
BENGKULU,Bengkulu Utara,5.00694444,8.09,10410,69.28,68.27,81.36,53.11,3.51,67.62
BENGKULU,Kaur,7.93055556,8.38,8638,67.17,66.73,78.63,86.2,3.45,69.28
BENGKULU,Seluma,0.8,8.0,8256,67.03,67.09,84.29,47.04,3.44,70.13
BENGKULU,Mukomuko,5.22916667,8.03,10405,68.64,66.73,86.79,75.99,1.72222222,64.11
BENGKULU,Lebong,12.0,8.18,11317,67.46,63.04,51.55,57.37,3.18,72.01
BENGKULU,Kepahiang,6.40972222,8.29,9377,68.62,68.08,66.88,62.65,1.03472222,75.59
BENGKULU,Bengkulu Tengah,4.22222222,7.48,9471,67.96,68.19,80.23,63.06,4.07,67.32
BENGKULU,Kota Bengkulu,7.70138889,11.08,14108,80.54,70.02,95.8,92.21,6.35,65.42
LAMPUNG,Lampung Barat,5.56944444,8.07,9969,67.09,67.65,76.5,70.96,1.40972222,83.23
LAMPUNG,Tanggamus,5.14583333,7.34,9266,66.65,68.67,68.96,63.9,1.47916667,68.76
LAMPUNG,Lampung Selatan,14.19,7.07,9931,68.49,69.42,94.4,87.92,5.27,66.05
LAMPUNG,Lampung Timur,15.08,3.45138889,10026,69.66,70.78,86.29,84.35,3.05,68.67
LAMPUNG,Lampung Tengah,5.27083333,7.59,11259,70.23,69.87,79.37,78.9,4.31,72.26
LAMPUNG,Lampung Utara,8.35416667,8.34,8737,67.89,69.03,75.03,62.78,6.14,66.7
LAMPUNG,Way Kanan,13.09,3.40972222,9173,67.57,69.46,78.66,,3.36,74.78
LAMPUNG,Tulangbawang,4.21527778,7.55,10735,68.73,70.01,84.83,80.65,4.1,68.32
LAMPUNG,Pesawaran,15.11,3.40972222,7934,66.14,69.15,83.73,87.07,4.19,65.42
LAMPUNG,Pringsewu,10.11,8.39,10302,70.45,70.27,88.91,96.68,2.25694444,67.03
LAMPUNG,Mesuji,7.54,7.08,7980,64.04,68.26,78.98,80.27,3.42,69.21
LAMPUNG,Tulang Bawang Barat,8.32,7.39,8422,66.22,70.03,75.33,42.81,3.35,72.32
LAMPUNG,Pesisir Barat,6.39583333,8.19,8533,64.03,63.66,76.68,74.53,3.08,74.62
LAMPUNG,Kota Bandar Lampung,9.11,4.82638889,12247,77.58,71.42,95.45,98.47,3.92361111,67.18
LAMPUNG,Kota Metro,3.97916667,4.84027778,11916,77.49,71.66,94.64,94.53,5.0,66.71
KEP. BANGKA BELITUNG,Bangka,2.22916667,8.25,12424,72.46,71.14,95.73,64.24,2.75694444,62.68
KEP. BANGKA BELITUNG,Belitung,7.15,8.47,13563,72.57,71.01,94.57,66.31,3.51,66.28
KEP. BANGKA BELITUNG,Bangka Barat,1.35416667,7.44,12269,69.06,70.08,89.99,80.18,1.82638889,65.98
KEP. BANGKA BELITUNG,Bangka Tengah,5.13,7.02,12945,70.89,71.52,92.66,77.33,2.32638889,66.24
KEP. BANGKA BELITUNG,Bangka Selatan,1.72916667,2.99305556,11768,67.06,68.35,83.39,69.15,5.29,68.96
KEP. BANGKA BELITUNG,Belitung Timur,7.02,8.47,11760,71.42,72.01,89.46,60.01,1.79166667,69.23
KEP. BANGKA BELITUNG,Kota Pangkal Pinang,2.19444444,10.13,15716,78.57,73.41,96.78,96.3,30.625,65.16
KEPULAUAN RIAU,Karimun,3.09027778,8.18,11879,71.07,71.11,92.88,88.1,7.2,60.86
KEPULAUAN RIAU,Bintan,6.42,3.79861111,14393,74.57,70.46,79.76,76.64,3.76388889,63.19
KEPULAUAN RIAU,Natuna,2.32638889,3.97222222,14711,73.09,65.31,70.71,81.26,5.15,72.31
KEPULAUAN RIAU,Lingga,0.60625,3.11111111,11938,65.83,62.39,68.18,81.25,4.23,64.49
KEPULAUAN RIAU,Kepulauan Anambas,7.09,7.34,11950,69.23,67.36,33.8,20.51,1.27,70.3
KEPULAUAN RIAU,Kota Batam,5.05,11.15,18034,81.12,73.36,97.83,95.63,5.02777778,71.06
KEPULAUAN RIAU,Kota Tanjung Pinang,9.57,10.26,15439,78.93,72.18,84.47,91.66,6.31,60.56
DKI JAKARTA,Kepulauan Seribu,15.06,3.89583333,12587,72.01,68.99,83.75,94.22,8.58,65.45
DKI JAKARTA,Kota Jakarta Selatan,3.56,5.02777778,23888,84.09,74.02,96.51,99.96,7.33,61.44
DKI JAKARTA,Kota Jakarta Timur,4.28,5.04861111,17733,82.97,74.54,96.73,99.58,8.23,60.85
DKI JAKARTA,Kota Jakarta Pusat,2.31944444,11.39,17365,81.56,74.19,89.56,100.0,34.375,63.17
DKI JAKARTA,Kota Jakarta Barat,4.31,4.70833333,20801,81.76,73.69,97.75,100.0,9.06,63.21
DKI JAKARTA,Kota Jakarta Utara,7.24,4.72916667,18762,80.51,,90.61,100.0,4.33333333,65.79
JAWA BARAT,Bogor,8.13,8.31,104100,70.06,71.36,63.91,91.83,12.22,62.55
JAWA BARAT,Sukabumi,7.07,7.01,8850,67.07,71.21,64.35,81.34,9.51,64.93
JAWA BARAT,Cianjur,11.18,7.19,8052,65.56,70.32,58.52,86.25,9.32,67.98
JAWA BARAT,Bandung,7.15,9.07,10307,72.73,73.72,64.51,99.07,8.32,65.12
JAWA BARAT,Garut,4.61805556,7.53,7961,66.45,71.59,43.73,77.35,3.80555556,62.76
JAWA BARAT,Tasikmalaya,11.15,7.48,7829,65.09,69.67,49.35,85.26,6.16,68.18
JAWA BARAT,Ciamis,3.59027778,7.09,9259,70.93,72.02,66.59,90.12,5.06,69.83
JAWA BARAT,Kuningan,13.01,7.08,9409,69.71,73.78,80.98,94.4,5.05555556,63.82
JAWA BARAT,Cirebon,12.03,7.01,10368,69.12,72.18,83.41,96.54,10.38,64.49
JAWA BARAT,Majalengka,12.33,7.31,9591,67.81,70.46,80.59,96.8,2.57638889,67.63
JAWA BARAT,Sumedang,4.65972222,8.52,10262,71.08,72.62,87.87,94.16,9.18,68.51
JAWA BARAT,Indramayu,13.04,6.52,9810,67.64,71.84,89.75,97.95,8.3,69.86
JAWA BARAT,Subang,10.03,7.11,10854,69.13,,85.82,98.75,4.28472222,67.78
JAWA BARAT,Purwakarta,3.90972222,8.01,11669,70.98,71.18,72.61,81.5,4.65277778,61.13
JAWA BARAT,Karawang,3.99305556,3.45833333,11522,70.94,72.33,77.19,96.63,5.15972222,64.19
JAWA BARAT,Bekasi,5.21,9.03,11341,74.45,73.81,81.02,95.02,10.09,65.87
JAWA BARAT,Bandung Barat,11.03,8.02,8546,68.29,72.52,63.78,92.47,5.03472222,60.75
JAWA BARAT,Pangandaran,4.20138889,3.50694444,9065,68.28,71.06,81.49,80.78,3.25,74.75
JAWA BARAT,Kota Bogor,7.24,10.53,117166,76.59,73.82,75.35,98.14,5.13194444,61.77
JAWA BARAT,Kota Sukabumi,8.25,0.43125,10942,74.06,72.58,39.64,98.37,4.70833333,56.86
JAWA BARAT,Kota Bandung,4.37,4.85416667,16996,81.96,74.46,48.9,99.51,11.46,65.31
JAWA BARAT,Kota Cirebon,10.03,10.12,11810,75.25,72.44,92.71,99.34,10.53,62.87
JAWA BARAT,Kota Bekasi,2.18055556,11.31,15903,81.95,75.19,97.54,100.0,4.77777778,64.76
JAWA BARAT,Kota Depok,2.58,11.46,15420,81.37,74.62,97.06,99.52,4.27777778,62.62
JAWA BARAT,Kota Cimahi,5.35,11.08,12019,78.06,74.21,78.67,97.93,13.07,61.79
JAWA BARAT,Kota Tasikmalaya,13.13,9.52,10213,73.31,72.34,52.62,94.4,3.375,65.75
JAWA BARAT,Kota Bekasi,2.18055556,11.31,15903,81.95,75.19,97.54,100.0,4.77777778,64.76
JAWA BARAT,Kota Depok,2.58,11.46,15420,81.37,74.62,97.06,99.52,4.27777778,62.62
JAWA BARAT,Kota Banjar,7.11,3.86805556,10476,71.92,71.19,81.92,97.21,6.09,64.07
JAWA TENGAH,Cilacap,5.04861111,7.09,10534,70.42,73.09,76.42,93.37,4.42361111,62.91
JAWA TENGAH,Banyumas,5.875,3.35416667,11546,72.44,73.08,79.97,91.49,6.05,65.07
JAWA TENGAH,Purbalingga,16.24,7.25,10032,69.15,73.21,76.33,85.18,6.05,69.52
JAWA TENGAH,Banjarnegara,16.23,3.02083333,9407,67.86,74.28,40.75,82.61,2.68055556,69.76
JAWA TENGAH,Kebumen,7.65972222,7.55,9028,70.05,73.55,88.99,86.36,6.03,67.76
JAWA TENGAH,Purworejo,12.04,8.21,10275,72.98,74.87,79.81,85.99,3.59,73.29
JAWA TENGAH,Wonosobo,7.54861111,3.06944444,10760,68.43,71.94,53.27,95.64,5.26,70.77
JAWA TENGAH,Magelang,5.21527778,3.46527778,9440,70.12,73.88,78.4,94.14,5.03,75.78
JAWA TENGAH,Boyolali,4.59722222,3.50694444,13031,74.04,76.03,87.72,93.42,5.09,75.79
JAWA TENGAH,Klaten,13.49,3.89583333,12017,76.12,76.86,95.37,97.84,5.48,66.89
JAWA TENGAH,Sukoharjo,8.23,9.35,11428,77.13,77.73,94.27,98.01,3.32,68.78
JAWA TENGAH,Wonogiri,11.55,7.34,9429,70.49,76.28,92.97,98.82,2.43,73.09
JAWA TENGAH,Karanganyar,4.63888889,8.57,11509,75.99,77.55,95.38,98.65,2.70138889,73.15
JAWA TENGAH,Sragen,5.99305556,3.375,12679,74.08,75.79,89.89,98.33,2.19444444,71.74
JAWA TENGAH,Grobogan,5.51388889,7.11,10294,70.41,74.84,89.37,76.14,4.38,72.88
JAWA TENGAH,Blora,12.39,0.31875,9669,69.37,74.51,90.51,94.84,18.125,70.54
JAWA TENGAH,Rembang,15.08,7.03,10519,70.43,74.61,89.94,95.36,1.71527778,70.67
JAWA TENGAH,Pati,10.21,7.48,10506,72.28,76.27,91.67,99.72,2.08333333,68.99
JAWA TENGAH,Kudus,7.06,3.86111111,11272,75.16,76.68,93.8,98.9,1.78472222,74.77
JAWA TENGAH,Jepara,7.44,3.46527778,10536,72.36,75.91,66.59,81.48,4.23,69.55
JAWA TENGAH,Demak,5.63888889,3.51388889,10248,72.57,75.46,91.38,96.71,5.28,66.23
JAWA TENGAH,Semarang,3.48611111,8.03,12070,74.24,75.79,91.01,98.25,5.02,74.1
JAWA TENGAH,Temanggung,10.17,7.25,9408,69.88,75.64,68.05,91.87,1.26388889,74.01
JAWA TENGAH,Kendal,10.24,7.46,11608,72.05,74.48,83.81,92.65,7.55,69.93
JAWA TENGAH,Batang,4.22222222,3.11111111,9524,68.92,74.74,66.96,98.38,6.59,71.4
JAWA TENGAH,Pekalongan,10.57,7.17,10409,70.11,73.74,78.57,96.2,4.28,71.46
JAWA TENGAH,Pemalang,16.56,6.45,8573,66.56,73.53,77.89,95.14,2.99305556,65.9
JAWA TENGAH,Tegal,8.06,0.31875,9700,68.79,71.72,84.23,98.87,4.42361111,66.24
JAWA TENGAH,Brebes,17.43,6.22,10152,66.32,69.54,80.1,92.6,4.29166667,63.97
JAWA TENGAH,Kota Magelang,34.375,4.59722222,12349,79.43,76.93,84.04,100.0,3.84027778,67.07
JAWA TENGAH,Kota Surakarta,9.04,10.09,14911,82.62,77.32,88.73,99.82,3.50694444,66.89
JAWA TENGAH,Kota Salatiga,5.14,4.625,15843,83.06,77.55,98.07,98.78,7.26,70.36
JAWA TENGAH,Kota Semarang,4.56,4.70833333,15425,83.55,77.51,93.67,98.42,9.54,69.41
JAWA TENGAH,Kota Pekalongan,7.59,9.18,12598,75.04,74.44,94.62,99.28,3.11805556,75.77
JAWA TENGAH,Kota Tegal,8.12,3.84027778,13143,75.52,74.54,92.77,100.0,8.25,68.25
JAWA TENGAH,Jepara,7.44,3.46527778,10536,72.36,75.91,66.59,81.48,4.23,69.55
JAWA TENGAH,Demak,5.63888889,3.51388889,10248,72.57,75.46,91.38,96.71,5.28,66.23
JAWA TENGAH,Semarang,3.48611111,8.03,12070,74.24,75.79,91.01,98.25,5.02,74.1
JAWA TENGAH,Temanggung,10.17,7.25,9408,69.88,75.64,68.05,91.87,1.26388889,74.01
D I YOGYAKARTA,Kulon Progo,18.38,9.02,10069,74.71,75.27,95.95,89.33,1.72916667,76.72
D I YOGYAKARTA,Bantul,14.04,9.57,15545,80.28,73.89,96.2,96.11,4.04,71.64
D I YOGYAKARTA,Gunung Kidul,0.75625,7.03,9505,70.16,74.19,96.0,94.7,2.2,75.99
D I YOGYAKARTA,Sleman,3.77777778,4.80555556,16060,84.0,74.92,98.41,96.26,5.17,73.05
D I YOGYAKARTA,Kota Yogyakarta,3.39583333,5.08333333,18801,87.18,74.76,98.17,100.0,9.13,71.86
JAWA TIMUR,Pacitan,15.11,3.34027778,8887,68.57,72.07,71.7,76.71,2.04,80.57
JAWA TIMUR,Ponorogo,10.26,7.55,9851,71.06,72.85,87.49,96.3,4.38,72.63
JAWA TIMUR,Trenggalek,12.14,7.56,9743,70.06,73.86,75.48,75.78,3.53,72.36
JAWA TIMUR,Tulungagung,7.51,8.34,10807,73.15,74.16,85.37,97.4,2.29861111,72.26
JAWA TIMUR,Blitar,4.20138889,7.5,10757,71.05,73.61,75.67,93.33,1.70833333,70.44
JAWA TIMUR,Kediri,5.02777778,8.08,11127,72.56,72.65,86.92,96.35,5.15,69.34
JAWA TIMUR,Malang,10.05,7.43,10163,70.06,72.61,80.79,94.14,5.4,68.49
JAWA TIMUR,Lumajang,10.05,2.96527778,9203,66.07,70.21,83.24,95.73,3.51,66.19
JAWA TIMUR,Jember,10.41,6.49,9410,67.32,69.28,64.17,94.35,5.44,68.97
JAWA TIMUR,Banyuwangi,8.07,7.42,12217,71.38,70.72,81.15,94.16,5.42,72.32
JAWA TIMUR,Bondowoso,6.34027778,2.73611111,10690,66.59,66.89,52.82,93.44,4.46,73.89
JAWA TIMUR,Situbondo,54.375,2.93055556,9996,67.78,69.24,59.79,98.88,1.72222222,71.63
JAWA TIMUR,Probolinggo,8.13194444,6.12,10969,66.26,67.36,62.14,93.18,4.55,73.24
JAWA TIMUR,Pasuruan,9.07,7.41,10297,68.93,70.25,82.92,97.36,6.03,69.03
JAWA TIMUR,Sidoarjo,2.72916667,4.66666667,14578,80.65,74.06,95.05,96.82,4.77083333,66.47
JAWA TIMUR,Mojokerto,4.59722222,3.77777778,12844,74.15,72.59,87.34,98.37,5.54,70.47
JAWA TIMUR,Jombang,10.0,8.55,11394,73.45,72.49,90.95,99.44,7.09,70.69
JAWA TIMUR,Nganjuk,5.17361111,3.45833333,12172,71.97,71.06,81.84,99.03,2.34722222,64.24
JAWA TIMUR,Madiun,5.21527778,3.48611111,11658,71.88,71.05,89.09,95.1,2.35416667,67.77
JAWA TIMUR,Magetan,4.625,8.36,11833,74.15,72.65,88.4,99.9,1.84722222,73.31
JAWA TIMUR,Ngawi,15.57,7.26,11459,71.04,72.41,79.35,99.92,4.25,72.88
JAWA TIMUR,Bojonegoro,13.27,7.38,10221,69.59,71.72,90.96,97.24,2.23611111,71.84
JAWA TIMUR,Tuban,16.31,7.18,10380,68.91,71.56,83.8,96.4,2.13888889,73.77
JAWA TIMUR,Lamongan,6.01388889,8.04,11510,73.12,72.49,89.7,81.98,2.29166667,70.72
JAWA TIMUR,Gresik,12.42,9.56,13280,76.05,72.67,91.56,88.99,8.0,69.43
JAWA TIMUR,Bangkalan,21.57,2.75,8673,64.36,70.22,39.44,97.39,8.07,68.66
JAWA TIMUR,Sampang,1.011111111,2.26388889,8790,62.08,68.07,76.22,89.34,3.45,70.19
JAWA TIMUR,Pamekasan,15.03,2.98611111,8804,66.04,67.67,70.85,89.15,3.1,65.88
JAWA TIMUR,Sumenep,20.51,2.72222222,9000,67.04,71.56,65.66,98.29,2.31,75.63
JAWA TIMUR,Kota Kediri,34.375,10.15,12359,78.06,74.04,95.75,98.95,6.37,67.35
JAWA TIMUR,Kota Blitar,3.53472222,10.35,13816,78.98,73.86,96.77,97.08,2.92361111,69.96
JAWA TIMUR,Kota Malang,2.09722222,10.41,16663,82.04,73.36,87.08,99.93,4.20138889,67.59
JAWA TIMUR,Kota Probolinggo,7.44,3.99305556,12245,73.66,70.35,89.77,99.66,6.55,69.71
JAWA TIMUR,Kota Pasuruan,3.11111111,9.33,13354,75.62,71.06,92.1,99.65,6.23,71.66
JAWA TIMUR,Kota Mojokerto,6.39,10.47,13610,78.43,73.39,95.49,99.63,3.10416667,67.09
JAWA TIMUR,Kota Madiun,5.09,11.37,16095,81.25,72.83,97.31,99.53,8.15,66.87
JAWA TIMUR,Kota Surabaya,5.23,10.5,17862,82.31,74.18,95.2,98.06,4.22222222,67.3
JAWA TIMUR,Kota Batu,4.09,9.31,12887,76.28,72.65,95.57,100.0,6.57,73.74
BANTEN,Pandeglang,4.66666667,7.11,8635,65.17,64.79,49.11,82.01,3.40277778,62.32
BANTEN,Lebak,10.29,6.41,8724,64.03,67.33,56.82,73.32,3.51388889,66.75
BANTEN,Tangerang,7.12,3.75694444,12273,72.29,69.93,85.89,97.97,9.06,63.94
BANTEN,Serang,5.49,7.51,10713,66.82,64.76,80.34,92.33,10.58,63.86
BANTEN,Kota Tangerang,2.72916667,4.74305556,14575,78.05,71.06,94.94,98.0,9.07,64.52
BANTEN,Kota Cilegon,4.24,10.08,13041,73.35,66.69,97.07,98.72,10.13,61.37
BANTEN,Kota Serang,3.04861111,3.95138889,13281,72.44,68.12,90.76,98.38,9.41,62.16
BANTEN,Kota Tangerang Selatan,2.57,5.15277778,15751,81.06,72.47,98.84,99.22,3.75,62.56
BALI,Jembrana,5.06,8.35,11675,72.75,72.46,96.24,92.11,4.11,81.26
BALI,Tabanan,5.12,9.14,14326,76.45,73.75,98.34,98.15,1.90277778,74.98
BALI,Badung,1.26388889,4.59722222,17327,81.83,75.18,99.59,100.0,3.14583333,72.52
BALI,Gianyar,2.25694444,9.29,14391,77.07,73.78,93.48,98.71,3.125,69.88
BALI,Klungkung,2.52777778,8.14,11287,71.75,71.41,95.91,99.96,5.35,72.83
BALI,Bangli,5.09,7.18,11201,69.37,70.62,87.01,91.16,97.222222,82.09
BALI,Karang Asem,3.04166667,6.33,10175,67.36,70.56,87.36,98.45,2.32,81.15
BALI,Buleleng,6.12,7.25,13362,72.56,71.95,94.15,93.38,5.38,73.08
BALI,Kota Denpasar,0.15,11.48,19598,84.03,74.93,99.97,100.0,7.02,68.67
NUSA TENGGARA BARAT,Lombok Barat,14.47,6.42,11334,68.61,67.19,74.1,91.76,3.32,70.48
NUSA TENGGARA BARAT,Lombok Tengah,13.44,6.29,9962,66.72,66.38,79.14,92.52,2.33,75.05
NUSA TENGGARA BARAT,Lombok Timur,15.38,2.99305556,9450,66.66,66.16,84.54,95.0,1.38194444,69.48
NUSA TENGGARA BARAT,Sumbawa,6.04861111,8.15,9167,68.01,67.73,88.01,96.88,3.39,66.86
NUSA TENGGARA BARAT,Dompu,12.06,3.83333333,8899,68.45,66.99,83.72,96.57,3.02,67.56
NUSA TENGGARA BARAT,Bima,6.44444444,3.54861111,8495,66.66,66.05,81.04,96.4,1.58,71.65
NUSA TENGGARA BARAT,Sumbawa Barat,13.54,3.83333333,11548,71.85,68.31,92.93,95.41,5.52,71.02
NUSA TENGGARA BARAT,Lombok Utara,27.04,6.04,9057,64.77,67.36,79.23,88.35,9.375,73.43
NUSA TENGGARA BARAT,Kota Mataram,3.78472222,9.54,14999,79.14,71.88,91.63,98.16,5.19,65.61
NUSA TENGGARA BARAT,Kota Bima,3.94444444,4.61805556,11135,76.11,70.05,90.68,99.93,3.56,75.46
NUSA TENGGARA TIMUR,Sumba Barat,28.39,3.08333333,7307,63.83,67.12,54.33,86.7,93.055556,74.14
NUSA TENGGARA TIMUR,Sumba Timur,29.68,7.32,9354,65.74,65.16,69.06,79.63,3.35,72.39
NUSA TENGGARA TIMUR,Kupang,9.84722222,7.39,7476,64.41,64.91,74.92,84.61,19.375,73.76
NUSA TENGGARA TIMUR,Timor Tengah Selatan,26.64,3.01388889,6839,62.16,66.46,50.15,61.59,2.57,78.59
NUSA TENGGARA TIMUR,Timor Tengah Utara,9.59722222,3.58333333,6324,63.69,67.09,70.03,87.35,1.86111111,78.41
NUSA TENGGARA TIMUR,Belu,6.72222222,7.36,7431,62.77,64.89,71.8,88.28,5.35,70.81
NUSA TENGGARA TIMUR,Alor,21.09,8.42,6751,61.37,61.64,83.16,74.43,2.59,72.4
NUSA TENGGARA TIMUR,Lembata,26.21,8.23,7257,64.75,67.02,91.88,92.91,2.31944444,68.24
NUSA TENGGARA TIMUR,Flores Timur,11.14,3.41666667,7578,64.22,65.31,93.06,99.04,18.125,71.8
NUSA TENGGARA TIMUR,Sikka,13.35,3.15972222,8021,65.41,67.45,83.14,92.11,4.54,73.92
NUSA TENGGARA TIMUR,Ende,24.13,8.03,9027,67.03,65.43,86.63,98.0,1.25694444,77.57
NUSA TENGGARA TIMUR,Ngada,12.58,8.53,8819,67.88,68.12,91.4,94.55,1.52083333,72.49
NUSA TENGGARA TIMUR,Manggarai,20.48,3.34027778,7133,65.01,67.11,72.84,91.68,1.73611111,77.6
NUSA TENGGARA TIMUR,Rote Ndao,28.08,3.40972222,6503,62.06,64.88,87.53,92.31,1.71527778,74.16
NUSA TENGGARA TIMUR,Manggarai Barat,7.72222222,7.56,7410,64.17,67.46,72.81,90.63,2.31944444,73.18
NUSA TENGGARA TIMUR,Sumba Tengah,34.27,6.47,6061,61.08,68.42,50.54,60.68,1.45,69.12
NUSA TENGGARA TIMUR,Sumba Barat Daya,28.18,6.35,6355,62.29,68.57,42.15,82.75,2.04,83.33
NUSA TENGGARA TIMUR,Nagekeo,5.63194444,7.09,8254,65.82,67.25,89.07,94.29,67.361111,67.19
NUSA TENGGARA TIMUR,Manggarai Timur,26.05,7.35,5780,61.37,68.07,46.98,75.63,1.08333333,81.95
NUSA TENGGARA TIMUR,Sabu Raijua,30.13,2.95833333,5256,57.03,60.66,81.28,49.98,1.25,68.82
NUSA TENGGARA TIMUR,Malaka,16.33,7.01,5861,60.42,65.01,71.08,86.02,3.43,70.1
NUSA TENGGARA TIMUR,Kota Kupang,9.17,11.06,13218,79.74,69.73,89.86,96.59,4.27777778,62.34
KALIMANTAN BARAT,Sambas,3.375,0.3,9828,67.01,69.08,92.66,95.6,1.92361111,72.84
KALIMANTAN BARAT,Bengkayang,6.48,6.08,9193,68.04,73.84,82.17,74.51,4.42,70.16
KALIMANTAN BARAT,Landak,4.85416667,7.12,7431,66.21,73.04,62.85,65.54,3.22,70.19
KALIMANTAN BARAT,Pontianak,5.18,7.04,7758,66.03,71.18,83.95,88.86,3.40972222,60.86
KALIMANTAN BARAT,Sanggau,4.55,7.39,8328,66.02,71.42,70.34,81.68,3.45,69.41
KALIMANTAN BARAT,Ketapang,10.13,7.46,9209,67.43,71.11,75.46,57.25,3.15277778,64.44
KALIMANTAN BARAT,Sintang,9.28,7.08,8708,66.93,71.84,65.33,52.13,1.90972222,77.78
KALIMANTAN BARAT,Kapuas Hulu,3.97916667,7.53,7168,65.75,72.53,69.7,77.0,4.18,72.35
KALIMANTAN BARAT,Sekadau,6.26,3.09027778,7462,64.93,72.05,69.63,48.85,1.47222222,71.98
KALIMANTAN BARAT,Melawi,12.01,3.13194444,8415,65.87,72.98,71.62,66.05,1.29166667,72.31
KALIMANTAN BARAT,Kayong Utara,9.33,6.02,7920,62.09,68.48,71.34,98.84,1.79166667,65.53
KALIMANTAN BARAT,Kubu Raya,4.34,7.0,8630,68.16,70.69,75.74,96.76,7.02,67.47
KALIMANTAN BARAT,Kota Pontianak,4.58,10.43,14610,79.93,73.12,96.48,96.3,12.38,61.94
KALIMANTAN BARAT,Kota Singkawang,2.24305556,7.09,11767,72.11,72.18,92.21,89.96,9.16,64.31
KALIMANTAN TENGAH,Kotawaringin Barat,1.90972222,8.53,13117,73.07,70.68,90.73,86.62,2.15277778,70.01
KALIMANTAN TENGAH,Kotawaringin Timur,2.71527778,8.15,11866,71.38,69.09,72.62,85.37,5.15,66.57
KALIMANTAN TENGAH,Kapuas,5.35,7.06,11148,69.63,68.78,49.23,71.11,2.29861111,70.23
KALIMANTAN TENGAH,Barito Selatan,2.09722222,3.99305556,11492,70.54,67.19,63.66,54.41,4.16,63.48
KALIMANTAN TENGAH,Barito Utara,2.50694444,3.92361111,9951,70.79,71.03,72.23,60.0,5.14,70.45
KALIMANTAN TENGAH,Sukamara,1.70833333,8.09,8773,68.27,71.56,81.37,86.1,2.11805556,71.82
KALIMANTAN TENGAH,Lamandau,3.56,8.43,11234,70.58,69.39,81.89,67.26,2.3,70.44
KALIMANTAN TENGAH,Seruyan,7.22,3.58333333,9420,67.67,69.26,75.65,61.04,4.25,71.46
KALIMANTAN TENGAH,Katingan,5.25,3.80555556,10568,68.89,65.87,73.65,83.35,5.5,64.38
KALIMANTAN TENGAH,Pulang Pisau,4.24,8.19,10082,68.53,68.01,63.1,87.5,1.25,73.45
KALIMANTAN TENGAH,Gunung Mas,5.35,9.18,10809,71.03,70.46,84.88,62.89,3.11,69.7
KALIMANTAN TENGAH,Barito Timur,6.38,9.23,11322,71.47,68.31,77.92,67.21,3.22,78.4
KALIMANTAN TENGAH,Murung Raya,6.15,3.34027778,10449,68.12,69.53,59.18,61.05,3.03,67.62
KALIMANTAN TENGAH,Kota Palangka Raya,1.77083333,11.53,14070,80.82,73.24,92.38,99.92,2.68055556,63.3
KALIMANTAN SELATAN,Tanah Laut,4.57,3.53472222,11310,69.87,69.59,66.42,63.52,3.52,72.27
KALIMANTAN SELATAN,Kota Baru,2.26388889,7.46,11720,69.13,,70.96,64.08,5.57,67.5
KALIMANTAN SELATAN,Banjar,3.04,7.52,12707,69.89,67.41,77.19,65.72,1.93055556,70.84
KALIMANTAN SELATAN,Barito Kuala,5.11,7.55,9868,66.64,66.27,55.29,65.15,3.22,75.48
KALIMANTAN SELATAN,Tapin,3.06,3.45138889,11952,70.31,70.57,79.28,78.59,2.33333333,70.31
KALIMANTAN SELATAN,Hulu Sungai Selatan,2.25,3.44444444,12736,69.21,66.12,83.69,72.32,2.44,69.25
KALIMANTAN SELATAN,Hulu Sungai Tengah,6.18,8.01,12280,69.05,66.02,87.62,90.76,1.77777778,70.2
KALIMANTAN SELATAN,Hulu Sungai Utara,3.07638889,0.34375,9644,66.12,64.01,88.09,88.01,2.22222222,71.41
KALIMANTAN SELATAN,Tabalong,6.27,9.11,11470,72.06,70.57,96.54,72.5,3.43,71.49
KALIMANTAN SELATAN,Tanah Bumbu,2.23611111,3.59027778,11844,71.0,70.45,86.7,62.41,3.07638889,68.29
KALIMANTAN SELATAN,Balangan,6.07,3.39583333,11500,69.11,67.85,89.42,76.08,2.44,75.38
KALIMANTAN SELATAN,Kota Banjarmasin,2.28472222,10.02,14432,77.57,71.29,91.48,99.67,8.47,63.19
KALIMANTAN SELATAN,Kota Banjar Baru,4.04,4.83333333,13789,79.26,72.01,89.11,84.78,2.56944444,65.95
KALIMANTAN TIMUR,Paser,4.25694444,3.88194444,10673,72.93,72.88,81.31,62.79,2.56944444,65.34
KALIMANTAN TIMUR,Kutai Barat,10.24,8.07,10062,72.07,73.01,87.81,67.08,5.14,72.53
KALIMANTAN TIMUR,Kutai Kartanegara,3.60416667,9.23,11048,74.06,72.64,84.22,76.8,2.54166667,64.46
KALIMANTAN TIMUR,Kutai Timur,43.125,9.43,10868,73.81,73.46,86.52,78.97,5.35,67.97
KALIMANTAN TIMUR,Berau,2.69444444,9.53,12435,75.02,72.32,88.4,87.34,2.65277778,65.55
KALIMANTAN TIMUR,Penajam Paser Utara,3.34027778,8.36,11651,72.01,71.68,84.53,78.76,1.49305556,66.85
KALIMANTAN TIMUR,Mahakam Hulu,11.09,8.18,7802,67.95,72.33,91.67,49.45,3.14,74.83
KALIMANTAN TIMUR,Kota Balikpapan,1.45138889,4.79861111,14862,80.71,74.76,93.25,99.72,3.98611111,64.29
KALIMANTAN TIMUR,Kota Samarinda,2.35416667,10.49,14582,80.76,74.54,97.17,96.53,8.16,64.29
KALIMANTAN TIMUR,Kota Bontang,2.09722222,10.08,16765,80.59,74.55,93.95,99.85,4.38888889,66.63
KALIMANTAN UTARA,Malinau,7.03,9.04,9928,72.32,71.49,67.88,70.85,4.14,71.49
KALIMANTAN UTARA,Bulungan,10.03,9.19,9423,71.08,72.74,93.04,75.44,4.54,68.62
KALIMANTAN UTARA,Tana Tidung,5.15,8.08,7676,67.76,71.49,83.29,85.88,5.26,67.35
KALIMANTAN UTARA,Nunukan,3.04861111,8.17,7064,66.46,71.04,78.49,85.46,4.24,66.11
KALIMANTAN UTARA,Kota Tarakan,2.99305556,4.43055556,11261,76.23,74.04,77.58,98.73,2.31944444,63.34
SULAWESI UTARA,Bolaang Mongondow,7.58,8.03,10220,68.16,69.45,73.7,88.23,2.25694444,62.06
SULAWESI UTARA,Minahasa,3.38194444,4.25694444,12481,75.73,71.16,88.32,88.01,6.14,59.41
SULAWESI UTARA,Kepulauan Sangihe,11.02,8.34,11524,71.07,70.18,84.73,93.51,2.16666667,63.6
SULAWESI UTARA,Kepulauan Talaud,9.0,4.25,8558,69.83,70.24,86.83,84.61,2.3,79.19
SULAWESI UTARA,Minahasa Selatan,9.37,9.09,11554,72.32,70.01,87.66,90.78,2.29166667,63.04
SULAWESI UTARA,Minahasa Utara,7.11,10.0,11481,74.11,71.04,90.75,88.2,8.12,61.99
SULAWESI UTARA,Bolaang Mongondow Utara,8.03,8.41,9143,67.39,67.73,73.45,79.62,5.23,64.43
SULAWESI UTARA,Siau Tagulandang Biaro,3.98611111,9.03,8145,68.05,70.87,93.94,96.71,3.39,63.09
SULAWESI UTARA,Minahasa Tenggara,12.47,9.11,10479,71.06,70.21,87.91,92.98,3.39,64.87
SULAWESI UTARA,Bolaang Mongondow Selatan,5.59027778,8.15,8939,65.42,64.49,70.18,86.1,2.08333333,59.05
SULAWESI UTARA,Bolaang Mongondow Timur,6.01,0.35625,9115,66.55,67.94,62.93,91.61,2.77083333,65.07
SULAWESI UTARA,Kota Manado,6.19,11.42,13991,79.02,71.09,87.76,95.89,12.17,59.08
SULAWESI UTARA,Kota Bitung,6.43,4.36805556,12271,74.02,71.01,89.35,96.68,4.41666667,62.22
SULAWESI UTARA,Kota Tomohon,25.625,4.68055556,11851,76.86,72.06,96.42,96.34,3.91666667,57.9
SULAWESI UTARA,Kota Kotamobagu,2.59722222,10.31,10848,73.47,70.06,71.57,98.06,7.32,64.77
SULAWESI TENGAH,Banggai Kepulauan,5.91666667,8.44,7453,65.61,66.59,75.35,96.89,1.49305556,71.98
SULAWESI TENGAH,Banggai,3.49305556,8.53,9603,70.06,70.88,82.46,95.18,3.57,71.8
SULAWESI TENGAH,Morowali,59.375,9.34,11028,72.29,69.23,78.34,93.17,5.08,63.75
SULAWESI TENGAH,Poso,6.88888889,9.05,8850,71.45,71.19,88.09,89.77,2.47,73.54
SULAWESI TENGAH,Donggala,7.17361111,3.59722222,8002,65.72,67.05,64.9,89.42,3.5,67.47
SULAWESI TENGAH,Toli-Toli,13.51,3.86111111,7947,66.03,66.18,68.09,85.92,3.13,64.04
SULAWESI TENGAH,Buol,14.06,9.08,7974,68.25,69.05,70.2,86.25,1.69444444,67.52
SULAWESI TENGAH,Parigi Moutong,15.28,3.43055556,9675,65.82,64.35,63.98,76.15,1.50694444,68.82
SULAWESI TENGAH,Tojo Una-Una,16.06,8.04,7621,64.74,65.09,71.1,94.28,3.44,74.86
SULAWESI TENGAH,Sigi,13.05,3.90277778,8171,68.49,70.09,78.31,78.08,2.38,70.76
SULAWESI TENGAH,Banggai Laut,14.17,3.77083333,7707,65.65,65.67,61.77,92.44,3.35,61.42
SULAWESI TENGAH,Morowali Utara,13.09,3.83333333,8890,68.48,69.71,79.88,83.0,1.51388889,68.47
SULAWESI TENGAH,Kota Palu,7.17,5.08333333,14894,81.07,71.09,91.74,98.23,3.34027778,65.07
SULAWESI SELATAN,Kepulauan Selayar,12.45,8.08,9060,67.76,68.52,75.57,89.51,1.39583333,69.07
SULAWESI SELATAN,Bulukumba,7.43,3.48611111,10632,69.62,68.01,92.08,87.43,3.14,65.46
SULAWESI SELATAN,Bantaeng,9.41,3.03472222,11829,68.99,70.06,77.8,97.23,4.07,74.32
SULAWESI SELATAN,Jeneponto,14.28,6.06,9215,64.56,66.49,81.48,98.54,2.38,67.39
SULAWESI SELATAN,Takalar,8.25,7.49,10543,67.72,67.03,90.15,97.04,1.89583333,65.84
SULAWESI SELATAN,Gowa,7.54,8.02,9504,70.29,70.45,97.2,95.46,4.3,68.89
SULAWESI SELATAN,Sinjai,3.91666667,3.45833333,9505,67.75,67.38,87.13,88.41,1.25694444,71.91
SULAWESI SELATAN,Maros,9.57,8.01,11032,70.41,69.04,87.74,83.38,6.3,59.61
SULAWESI SELATAN,Pangkajene Dan Kepulauan,14.28,3.55555556,11519,69.21,66.78,86.35,89.34,2.68055556,64.43
SULAWESI SELATAN,Barru,3.80555556,8.24,11017,71.13,69.07,93.92,97.01,3.01388889,58.14
SULAWESI SELATAN,Bone,10.52,7.23,9030,66.04,67.21,94.28,90.09,4.15,65.67
SULAWESI SELATAN,Soppeng,7.53,3.48611111,9558,68.99,69.81,92.39,96.58,1.88888889,58.94
SULAWESI SELATAN,Wajo,6.46,7.05,12505,69.62,67.48,95.03,87.87,4.32,64.58
SULAWESI SELATAN,Sidenreng Rappang,5.04,3.56944444,12201,71.54,70.01,98.52,99.04,23.125,58.7
SULAWESI SELATAN,Pinrang,3.89583333,3.52083333,11956,71.45,69.77,94.72,91.87,4.06,57.78
SULAWESI SELATAN,Enrekang,12.47,3.96527778,10973,72.91,70.93,89.11,73.03,2.34,72.64
SULAWESI SELATAN,Luwu,12.53,8.35,10116,70.85,70.44,88.55,83.38,2.22222222,64.22
SULAWESI SELATAN,Tana Toraja,12.27,8.51,7434,69.49,73.04,83.75,71.57,3.09,77.99
SULAWESI SELATAN,Luwu Utara,13.59,3.51388889,11736,70.02,68.67,93.72,84.03,1.88194444,63.07
SULAWESI SELATAN,Luwu Timur,3.15277778,3.89583333,12886,73.34,70.63,92.85,79.11,2.33333333,73.14
SULAWESI SELATAN,Toraja Utara,5.27083333,8.25,8134,69.75,73.41,87.62,72.8,1.25694444,71.56
SULAWESI SELATAN,Kota Makassar,2.23611111,11.43,17097,82.66,72.13,93.75,99.58,13.18,59.7
SULAWESI SELATAN,Kota Parepare,5.04,4.61805556,13786,78.21,71.31,98.21,99.09,0.3,66.94
SULAWESI SELATAN,Kota Palopo,8.14,4.81944444,13117,78.38,70.92,92.09,96.22,3.90972222,59.95
SULAWESI TENGGARA,Buton,6.05555556,3.55555556,7324,66.32,68.39,79.37,97.98,2.18055556,64.42
SULAWESI TENGGARA,Muna,13.54,8.46,8218,69.17,70.41,79.85,92.1,2.34027778,66.5
SULAWESI TENGGARA,Konawe,13.03,9.21,10151,71.48,70.32,89.72,86.3,4.56,70.0
SULAWESI TENGGARA,Kolaka,12.43,4.02083333,12525,73.56,71.21,87.35,85.69,1.68055556,69.83
SULAWESI TENGGARA,Konawe Selatan,11.34,8.11,9059,68.58,70.87,76.75,86.99,2.14,71.98
SULAWESI TENGGARA,Bombana,4.69444444,8.04,8310,66.25,69.09,82.5,92.06,3.17,72.77
SULAWESI TENGGARA,Wakatobi,6.46527778,8.16,9280,69.87,70.48,84.99,94.22,2.3,70.63
SULAWESI TENGGARA,Kolaka Utara,5.96527778,8.22,10244,69.05,70.36,86.18,87.02,3.18,79.76
SULAWESI TENGGARA,Buton Utara,6.45138889,3.97916667,7496,68.08,70.93,69.43,91.84,3.0,75.63
SULAWESI TENGGARA,Konawe Utara,14.32,9.03,9181,70.23,69.53,76.58,81.06,3.36,70.6
SULAWESI TENGGARA,Kolaka Timur,14.35,0.35,7753,67.76,72.82,88.41,93.87,3.44,74.79
SULAWESI TENGGARA,Konawe Kepulauan,7.64583333,9.42,6738,65.73,68.43,78.38,97.78,99.305556,70.76
SULAWESI TENGGARA,Muna Barat,6.08333333,7.03,7502,65.48,70.35,73.03,95.18,1.41666667,71.96
SULAWESI TENGGARA,Buton Tengah,15.08,7.31,7244,64.55,67.69,86.51,92.15,1.78472222,63.93
SULAWESI TENGGARA,Buton Selatan,6.26388889,7.54,7279,64.99,67.69,87.22,96.12,1.88888889,73.4
SULAWESI TENGGARA,Kota Kendari,2.27083333,12.51,14356,84.15,73.83,96.57,98.84,5.19,65.34
SULAWESI TENGGARA,Kota Baubau,3.45833333,4.79861111,10503,76.26,71.25,96.68,99.67,3.10416667,68.95
GORONTALO,Boalemo,19.0,7.0,8940,66.42,69.03,68.82,94.21,3.57,65.56
GORONTALO,Gorontalo,7.70138889,7.03,9412,67.34,67.69,76.82,95.11,2.12,65.13
GORONTALO,Pohuwato,18.08,7.26,10409,65.08,64.03,76.12,93.13,2.45,70.09
GORONTALO,Bone Bolango,16.03,8.32,10198,70.25,68.52,73.71,93.72,3.45,65.09
GORONTALO,Gorontalo Utara,17.23,7.15,9064,65.21,65.93,79.03,86.23,2.3,68.57
GORONTALO,Kota Gorontalo,2.72916667,10.37,12390,77.41,72.53,92.9,99.62,4.55,63.97
SULAWESI BARAT,Majene,14.34,3.96527778,10028,67.29,61.77,79.74,94.6,1.42361111,65.35
SULAWESI BARAT,Polewali Mandar,6.72222222,7.44,8548,64.23,62.53,86.31,83.88,3.38,68.98
SULAWESI BARAT,Mamasa,5.95138889,3.52777778,7736,66.63,70.94,63.08,31.51,2.18,80.24
SULAWESI BARAT,Mamuju,7.46,3.58333333,9494,68.32,67.77,80.47,82.91,1.79861111,70.24
SULAWESI BARAT,Mamuju Utara,2.20138889,8.09,11072,68.03,66.45,79.18,87.36,3.13,69.03
SULAWESI BARAT,Mamuju Tengah,7.13,7.51,8408,66.18,68.55,81.76,77.43,2.52,70.84
MALUKU,Maluku Tenggara Barat,27.27,4.22916667,6335,62.97,63.45,84.88,93.3,4.4,68.96
MALUKU,Maluku Tenggara,9.67361111,4.27777778,7580,66.33,65.14,86.47,92.96,5.06,64.58
MALUKU,Maluku Tengah,0.85,4.22222222,10243,71.32,66.45,74.24,89.61,8.07,62.59
MALUKU,Buru,17.28,3.88194444,10347,69.33,66.44,69.35,96.18,2.25694444,70.82
MALUKU,Kepulauan Aru,26.53,3.90972222,7623,63.83,62.96,39.66,84.6,1.55,65.81
MALUKU,Seram Bagian Barat,25.27,3.97222222,8720,65.83,61.85,62.64,91.13,2.53472222,72.2
MALUKU,Seram Bagian Timur,23.25,8.46,9480,64.03,59.62,65.25,84.43,1.86111111,69.07
MALUKU,Maluku Barat Daya,29.55,8.59,6918,62.37,62.55,82.65,93.15,97.222222,76.66
MALUKU,Buru Selatan,6.86805556,3.57638889,7600,64.08,66.36,58.54,93.99,85.416667,75.39
MALUKU,Kota Ambon,5.02,12.02,14148,81.23,70.63,90.56,98.3,11.32,61.56
MALUKU,Kota Tual,23.26,10.53,7405,68.16,65.68,83.27,96.19,3.82638889,60.61
MALUKU UTARA,Halmahera Barat,3.99305556,8.37,7467,65.56,66.34,73.32,94.73,3.26,64.88
MALUKU UTARA,Halmahera Tengah,13.52,9.01,7966,65.82,64.15,80.7,83.71,4.23,63.02
MALUKU UTARA,Kepulauan Sula,8.23,9.0,7040,63.08,63.39,81.31,84.53,1.375,63.76
MALUKU UTARA,Halmahera Selatan,5.19,8.01,7142,64.19,65.93,57.97,90.48,1.06944444,68.87
MALUKU UTARA,Halmahera Utara,5.22,3.76388889,7519,67.82,69.61,68.98,87.09,8.01,64.39
MALUKU UTARA,Halmahera Timur,15.04,8.27,7973,67.0,69.08,70.1,65.51,3.04166667,64.8
MALUKU UTARA,Pulau Morotai,6.52,7.04,6378,62.09,67.35,71.5,78.95,6.27,67.71
MALUKU UTARA,Pulau Taliabu,7.49,3.38194444,6467,60.73,62.22,65.37,68.36,6.1,69.23
MALUKU UTARA,Kota Ternate,3.55,5.14583333,13290,80.14,71.06,99.22,100.0,2.56944444,59.58
MALUKU UTARA,Kota Tidore Kepulauan,6.58,4.40972222,8316,70.99,69.43,90.55,98.21,1.39583333,66.2
PAPUA BARAT,Fakfak,9.76388889,4.00694444,7446,68.52,68.05,65.86,98.0,3.54166667,71.53
PAPUA BARAT,Kaimana,16.04,8.58,8151,65.31,64.93,74.57,83.78,3.23,75.65
PAPUA BARAT,Teluk Wondama,31.61,7.08,8034,60.33,60.24,61.1,8.45833333,1.45833333,74.97
PAPUA BARAT,Teluk Bintuni,29.79,8.22,9708,64.65,60.99,77.45,90.37,2.18055556,67.35
PAPUA BARAT,Manokwari,20.56,8.34,11977,72.02,68.82,86.9,86.2,7.04,71.49
PAPUA BARAT,Sorong Selatan,18.55,7.49,6188,62.46,66.39,41.0,51.38,3.55,80.07
PAPUA BARAT,Sorong,27.78,8.33,7350,65.77,66.22,84.26,85.2,3.36,68.89
PAPUA BARAT,Raja Ampat,17.05,8.02,7882,63.92,64.83,55.11,73.45,18.125,66.43
PAPUA BARAT,Tambrauw,33.86,5.39,4903,53.71,60.02,69.75,37.05,1.49,75.61
PAPUA BARAT,Maybrat,31.39,3.16666667,5245,59.07,65.25,70.49,40.83,1.03472222,81.51
PAPUA BARAT,Manokwari Selatan,29.03,0.29375,5505,59.85,67.06,91.54,80.77,1.45833333,84.61
PAPUA BARAT,Pegunungan Arfak,34.07,5.12,5009,56.13,67.26,45.21,82.47,48.611111,94.71
PAPUA BARAT,Kota Sorong,15.35,11.19,13744,78.49,70.93,90.73,92.18,4.40972222,61.4
PAPUA,Merauke,10.16,3.84027778,10201,70.49,67.07,82.1,71.35,2.19,70.69
PAPUA,Jayawijaya,37.09,5.06,7545,58.67,59.09,1.006944444,43.48,84.722222,84.14
PAPUA,Jayapura,12.13,10.05,9989,72.03,67.16,71.24,74.87,3.52083333,67.97
PAPUA,Nabire,1.015972222,10.01,8856,69.15,68.15,85.73,87.19,3.05,73.09
PAPUA,Kepulauan Yapen,26.09,9.47,7491,67.72,69.17,68.36,80.89,2.47,63.94
PAPUA,Biak Numfor,24.45,10.34,9607,72.33,68.29,83.32,97.67,9.49,69.47
PAPUA,Paniai,36.59,2.20138889,6377,56.07,66.62,0.26,82.09,51.388889,89.26
PAPUA,Puncak Jaya,36.0,1.76388889,5289,48.99,65.33,6.79861111,82.87,93.055556,91.39
PAPUA,Mimika,14.17,10.18,11400,74.48,72.36,83.63,91.26,5.37,64.77
PAPUA,Boven Digoel,19.09,3.88194444,7864,61.62,60.32,61.71,64.5,3.00694444,79.72
PAPUA,Mappi,26.05,6.51,6327,58.07,65.31,35.29,48.66,4.11,61.6
PAPUA,Asmat,24.83,5.08,5736,51.29,58.59,31.34,98.67,0.45,81.16
PAPUA,Yahukimo,37.64,4.27,4895,49.48,66.05,13.09,43.46,2.25,85.47
PAPUA,Pegunungan Bintang,30.46,3.04,5429,46.28,64.54,31.28,80.88,4.43,87.88
PAPUA,Tolikara,32.06,1.70138889,4841,49.06,65.83,3.24,2.91666667,1.12,90.61
PAPUA,Sarmi,0.6,3.90972222,6617,63.94,,68.36,89.82,3.5,68.57
PAPUA,Keerom,16.0,8.02,8926,66.49,66.78,60.58,75.64,1.41,76.91
PAPUA,Waropen,29.85,9.21,6788,65.01,66.42,84.68,72.89,8.56,56.39
PAPUA,Supiori,37.91,0.39375,5708,62.72,66.06,80.32,45.56,1.29166667,68.56
PAPUA,Mamberamo Raya,28.78,0.26875,4603,52.18,58.0,65.19,66.1,1.04861111,66.84
PAPUA,Nduga *,37.18,1.42,3976,32.84,55.43,4.35,13.35,0.0,97.93
PAPUA,Lanny Jaya,38.73,3.43,4393,48.68,66.11,2.51,60.416667,0.0,95.66
PAPUA,Mamberamo Tengah,36.76,3.33,4487,48.32,63.75,2.54,0.0,6.25,95.84
PAPUA,Yalimo,33.25,3.01,4664,49.01,65.49,0.48,59.96,0.41,93.68
PAPUA,Puncak,36.26,2.16,5412,43.17,65.86,11.43,85.03,65.277778,89.43
PAPUA,Dogiyai,28.81,2.31944444,5415,55.0,65.85,12.11,71.24,2.55555556,78.2
PAPUA,Intan Jaya,41.66,3.09,5328,48.34,65.69,0.36,35.01,1.43,75.75
PAPUA,Deiyai,40.59,3.25,4673,49.96,65.36,0.0,85.23,54.861111,85.01
PAPUA,Kota Jayapura,11.39,11.57,14937,,70.52,85.31,97.1,5.04861111,63.75
PAPUA,Deiyai,40.59,3.25,4673,49.96,65.36,0.0,85.23,54.861111,85.01
PAPUA,Kota Jayapura,11.39,11.57,14937,,70.52,85.31,97.1,5.04861111,63.75
